Workbook

Sheet Raw Data
A1: Ride ID | B1: Date | C1: Pickup Location | D1: Drop-off Location | E1: Fare | F1: Payment Method | G1: Ride Status | H1: Rating
A2: R001 | B2: 21-08-2026 | C2: Gulberg | D2: DHA | E2: 713 | F2: Cash | G2: Completed | H2: 5
A3: R002 | B3: 04-08-2026 | C3: Gulberg | D3: Askari | E3: 215 | F3: Cash | G3: Completed | H3: 3
A4: R003 | B4: 17-08-2026 | C4: Lahore | D4: Cantt | E4: 1009 | F4: Cash | G4: Completed | H4: 4
A5: R004 | B5: 26-08-2026 | C5: Lahore | D5: Model Town | E5: 1015 | F5: Card | G5: Completed | H5: 3
A6: R005 | B6: 25-08-2026 | C6: Bahria Town | D6: Gulberg | E6: 339 | F6: Card | G6: Completed | H6: 4
A7: R006 | B7: 20-08-2026 | C7: Johar Town | D7: DHA | E7: 1090 | F7: Wallet | G7: Completed | H7: 4
A8: R007 | B8: 03-08-2026 | C8: Johar Town | D8: Faisal Town | E8: 543 | F8: Wallet | G8: Completed | H8: 5
A9: R008 | B9: 08-08-2026 | C9: Johar Town | D9: Gulberg | E9: 626 | F9: Cash | G9: Completed | H9: 4
A10: R009 | B10: 21-08-2026 | C10: Bahria Town | D10: Model Town | E10: 908 | F10: Card | G10: Completed | H10: 4
A11: R010 | B11: 23-08-2026 | C11: Gulberg | D11: Model Town | E11: 651 | F11: Cash | G11: Completed | H11: 4
A12: R011 | B12: 30-08-2026 | C12: Model Town | D12: Faisal Town | E12: 264 | F12: Cash | G12: Cancelled
A13: R012 | B13: 26-08-2026 | C13: Bahria Town | D13: Askari | E13: 698 | F13: Cash | G13: Completed | H13: 5
A14: R013 | B14: 29-08-2026 | C14: Bahria Town | D14: Cantt | E14: 1172 | F14: Card | G14: Cancelled
A15: R014 | B15: 21-08-2026 | C15: Iqbal Town | D15: Model Town | E15: 692 | F15: Cash | G15: Completed | H15: 5
A16: R015 | B16: 18-08-2026 | C16: Johar Town | D16: Askari | E16: 967 | F16: Card | G16: Completed | H16: 3
A17: R016 | B17: 17-08-2026 | C17: Iqbal Town | D17: Gulberg | E17: 246 | F17: Cash | G17: Completed | H17: 3
A18: R017 | B18: 26-08-2026 | C18: Wapda Town | D18: Gulberg | E18: 938 | F18: Card | G18: Completed | H18: 4
A19: R018 | B19: 17-08-2026 | C19: Johar Town | D19: DHA | E19: 384 | F19: Wallet | G19: Cancelled
A20: R019 | B20: 25-08-2026 | C20: Johar Town | D20: Faisal Town | E20: 378 | F20: Card | G20: Completed | H20: 4
A21: R020 | B21: 01-08-2026 | C21: Johar Town | D21: Model Town | E21: 1189 | F21: Cash | G21: Cancelled
A22: R021 | B22: 10-08-2026 | C22: Model Town | D22: Model Town | E22: 915 | F22: Cash | G22: Completed | H22: 5
A23: R022 | B23: 30-08-2026 | C23: Lahore | D23: Faisal Town | E23: 1150 | F23: Cash | G23: Completed | H23: 4
A24: R023 | B24: 29-08-2026 | C24: Johar Town | D24: Cantt | E24: 268 | F24: Cash | G24: Cancelled
A25: R024 | B25: 03-08-2026 | C25: Gulberg | D25: Airport | E25: 291 | F25: Wallet | G25: Completed | H25: 3
A26: R025 | B26: 22-08-2026 | C26: Iqbal Town | D26: Model Town | E26: 692 | F26: Wallet | G26: Cancelled
A27: R026 | B27: 14-08-2026 | C27: Model Town | D27: Cantt | E27: 788 | F27: Card | G27: Cancelled
A28: R027 | B28: 21-08-2026 | C28: Bahria Town | D28: Airport | E28: 1074 | F28: Cash | G28: Completed | H28: 3
A29: R028 | B29: 11-08-2026 | C29: Lahore | D29: Cantt | E29: 601 | F29: Cash | G29: Completed | H29: 5
A30: R029 | B30: 02-08-2026 | C30: Model Town | D30: Gulberg | E30: 214 | F30: Card | G30: Completed | H30: 3
A31: R030 | B31: 09-08-2026 | C31: Iqbal Town | D31: Cantt | E31: 420 | F31: Wallet | G31: Cancelled
A32: R031 | B32: 19-08-2026 | C32: Iqbal Town | D32: Cantt | E32: 1118 | F32: Card | G32: Completed | H32: 3
A33: R032 | B33: 22-08-2026 | C33: Wapda Town | D33: Faisal Town | E33: 1017 | F33: Card | G33: Completed | H33: 5
A34: R033 | B34: 02-08-2026 | C34: Gulberg | D34: DHA | E34: 974 | F34: Wallet | G34: Completed | H34: 3
A35: R034 | B35: 08-08-2026 | C35: Model Town | D35: Cantt | E35: 1068 | F35: Cash | G35: Completed | H35: 4
A36: R035 | B36: 15-08-2026 | C36: Model Town | D36: Gulberg | E36: 1057 | F36: Wallet | G36: Completed | H36: 5
A37: R036 | B37: 18-08-2026 | C37: Lahore | D37: Gulberg | E37: 634 | F37: Cash | G37: Completed | H37: 4
A38: R037 | B38: 07-08-2026 | C38: Wapda Town | D38: DHA | E38: 487 | F38: Card | G38: Completed | H38: 4
A39: R038 | B39: 09-08-2026 | C39: Iqbal Town | D39: Township | E39: 1016 | F39: Wallet | G39: Cancelled
A40: R039 | B40: 26-08-2026 | C40: Iqbal Town | D40: Model Town | E40: 538 | F40: Card | G40: Completed | H40: 3
A41: R040 | B41: 19-08-2026 | C41: Lahore | D41: Faisal Town | E41: 267 | F41: Cash | G41: Completed | H41: 5
A42: R041 | B42: 30-08-2026 | C42: DHA | D42: DHA | E42: 1190 | F42: Cash | G42: Cancelled
A43: R042 | B43: 03-08-2026 | C43: Gulberg | D43: Cantt | E43: 976 | F43: Cash | G43: Cancelled
A44: R043 | B44: 19-08-2026 | C44: Model Town | D44: DHA | E44: 317 | F44: Card | G44: Completed | H44: 5
A45: R044 | B45: 17-08-2026 | C45: Bahria Town | D45: Township | E45: 568 | F45: Wallet | G45: Completed | H45: 3
A46: R045 | B46: 09-08-2026 | C46: Wapda Town | D46: Model Town | E46: 764 | F46: Card | G46: Completed | H46: 3
A47: R046 | B47: 01-08-2026 | C47: Iqbal Town | D47: Gulberg | E47: 300 | F47: Wallet | G47: Completed | H47: 4
A48: R047 | B48: 05-08-2026 | C48: Bahria Town | D48: Gulberg | E48: 650 | F48: Card | G48: Completed | H48: 4
A49: R048 | B49: 27-08-2026 | C49: Johar Town | D49: DHA | E49: 763 | F49: Wallet | G49: Completed | H49: 3
A50: R049 | B50: 09-08-2026 | C50: Gulberg | D50: Gulberg | E50: 468 | F50: Card | G50: Completed | H50: 3
A51: R050 | B51: 23-08-2026 | C51: Bahria Town | D51: Cantt | E51: 690 | F51: Wallet | G51: Completed | H51: 3
A52: R051 | B52: 03-08-2026 | C52: Wapda Town | D52: Township | E52: 240 | F52: Cash | G52: Completed | H52: 3
A53: R052 | B53: 21-08-2026 | C53: Johar Town | D53: Model Town | E53: 1054 | F53: Wallet | G53: Completed | H53: 5
A54: R053 | B54: 01-08-2026 | C54: Gulberg | D54: Gulberg | E54: 455 | F54: Wallet | G54: Completed | H54: 4
A55: R054 | B55: 19-08-2026 | C55: DHA | D55: Askari | E55: 411 | F55: Cash | G55: Completed | H55: 3
A56: R055 | B56: 29-08-2026 | C56: Bahria Town | D56: Cantt | E56: 661 | F56: Wallet | G56: Completed | H56: 5
A57: R056 | B57: 29-08-2026 | C57: Wapda Town | D57: Model Town | E57: 634 | F57: Cash | G57: Cancelled
A58: R057 | B58: 26-08-2026 | C58: DHA | D58: Askari | E58: 200 | F58: Cash | G58: Completed | H58: 4
A59: R058 | B59: 26-08-2026 | C59: Wapda Town | D59: Cantt | E59: 696 | F59: Cash | G59: Completed | H59: 3
A60: R059 | B60: 13-08-2026 | C60: Lahore | D60: Airport | E60: 605 | F60: Cash | G60: Completed | H60: 4
A61: R060 | B61: 12-08-2026 | C61: Johar Town | D61: Cantt | E61: 606 | F61: Cash | G61: Completed | H61: 4
A62: R061 | B62: 11-08-2026 | C62: Johar Town | D62: Gulberg | E62: 721 | F62: Card | G62: Completed | H62: 4
A63: R062 | B63: 22-08-2026 | C63: Bahria Town | D63: DHA | E63: 386 | F63: Card | G63: Completed | H63: 4
A64: R063 | B64: 02-08-2026 | C64: Gulberg | D64: Askari | E64: 857 | F64: Wallet | G64: Completed | H64: 4
A65: R064 | B65: 20-08-2026 | C65: Gulberg | D65: Askari | E65: 539 | F65: Card | G65: Completed | H65: 4
A66: R065 | B66: 01-08-2026 | C66: Model Town | D66: Faisal Town | E66: 1033 | F66: Cash | G66: Cancelled
A67: R066 | B67: 30-08-2026 | C67: Bahria Town | D67: Faisal Town | E67: 405 | F67: Wallet | G67: Cancelled
A68: R067 | B68: 17-08-2026 | C68: Johar Town | D68: Askari | E68: 818 | F68: Card | G68: Completed | H68: 5
A69: R068 | B69: 05-08-2026 | C69: Model Town | D69: Askari | E69: 926 | F69: Wallet | G69: Completed | H69: 3
A70: R069 | B70: 20-08-2026 | C70: Johar Town | D70: Askari | E70: 150 | F70: Card | G70: Completed | H70: 4
A71: R070 | B71: 26-08-2026 | C71: Bahria Town | D71: Airport | E71: 1054 | F71: Card | G71: Completed | H71: 5
A72: R071 | B72: 16-08-2026 | C72: DHA | D72: Gulberg | E72: 731 | F72: Wallet | G72: Completed | H72: 5
A73: R072 | B73: 11-08-2026 | C73: Gulberg | D73: Cantt | E73: 785 | F73: Cash | G73: Completed | H73: 3
A74: R073 | B74: 01-08-2026 | C74: Lahore | D74: Cantt | E74: 1123 | F74: Wallet | G74: Cancelled
A75: R074 | B75: 03-08-2026 | C75: Iqbal Town | D75: Askari | E75: 548 | F75: Wallet | G75: Completed | H75: 4
A76: R075 | B76: 13-08-2026 | C76: Model Town | D76: Model Town | E76: 161 | F76: Cash | G76: Completed | H76: 3
A77: R076 | B77: 06-08-2026 | C77: Iqbal Town | D77: DHA | E77: 660 | F77: Cash | G77: Completed | H77: 4
A78: R077 | B78: 22-08-2026 | C78: Bahria Town | D78: Airport | E78: 1183 | F78: Card | G78: Cancelled
A79: R078 | B79: 18-08-2026 | C79: Iqbal Town | D79: Model Town | E79: 1122 | F79: Card | G79: Completed | H79: 3
A80: R079 | B80: 27-08-2026 | C80: Johar Town | D80: Airport | E80: 639 | F80: Card | G80: Completed | H80: 5
A81: R080 | B81: 10-08-2026 | C81: Model Town | D81: Township | E81: 837 | F81: Card | G81: Cancelled
A82: R081 | B82: 03-08-2026 | C82: DHA | D82: Model Town | E82: 623 | F82: Card | G82: Completed | H82: 5
A83: R082 | B83: 07-08-2026 | C83: Gulberg | D83: Askari | E83: 984 | F83: Card | G83: Completed | H83: 4
A84: R083 | B84: 02-08-2026 | C84: Model Town | D84: Askari | E84: 947 | F84: Wallet | G84: Cancelled
A85: R084 | B85: 01-08-2026 | C85: Wapda Town | D85: Airport | E85: 162 | F85: Card | G85: Completed | H85: 4
A86: R085 | B86: 28-08-2026 | C86: Wapda Town | D86: Cantt | E86: 1149 | F86: Cash | G86: Completed | H86: 4
A87: R086 | B87: 01-08-2026 | C87: Wapda Town | D87: Faisal Town | E87: 978 | F87: Wallet | G87: Completed | H87: 4
A88: R087 | B88: 30-08-2026 | C88: DHA | D88: DHA | E88: 956 | F88: Wallet | G88: Completed | H88: 3
A89: R088 | B89: 03-08-2026 | C89: Wapda Town | D89: Model Town | E89: 1095 | F89: Cash | G89: Completed | H89: 4
A90: R089 | B90: 11-08-2026 | C90: Model Town | D90: Airport | E90: 819 | F90: Card | G90: Completed | H90: 4
A91: R090 | B91: 09-08-2026 | C91: Wapda Town | D91: Township | E91: 317 | F91: Card | G91: Completed | H91: 5
A92: R091 | B92: 02-08-2026 | C92: Bahria Town | D92: Cantt | E92: 290 | F92: Wallet | G92: Completed | H92: 3
A93: R092 | B93: 08-08-2026 | C93: Model Town | D93: DHA | E93: 462 | F93: Cash | G93: Completed | H93: 5
A94: R093 | B94: 04-08-2026 | C94: Model Town | D94: Airport | E94: 674 | F94: Card | G94: Completed | H94: 5
A95: R094 | B95: 24-08-2026 | C95: Gulberg | D95: Model Town | E95: 787 | F95: Cash | G95: Completed | H95: 4
A96: R095 | B96: 19-08-2026 | C96: Wapda Town | D96: Askari | E96: 556 | F96: Cash | G96: Completed | H96: 5
... A98: R097 | B98: 18-08-2026 | C98: Wapda Town | D98: Faisal Town | E98: 291 | F98: Wallet | G98: Completed | H98: 3
A99: R098 | B99: 28-08-2026 | C99: Wapda Town | D99: Airport | E99: 366 | F99: Card | G99: Cancelled
A100: R099 | B100: 21-08-2026 | C100: Iqbal Town | D100: Model Town | E100: 1041 | F100: Cash | G100: Completed | H100: 5
A101: R100 | B101: 09-08-2026 | C101: Iqbal Town | D101: Airport | E101: 1042 | F101: Wallet | G101: Completed | H101: 4
...

Sheet Cleaned Data
A1: Ride ID | B1: Date | C1: Pickup Location | D1: Drop-off Location | E1: Fare | F1: Payment Method | G1: Ride Status | H1: Rating
A2: R001 | B2: 2026-08-21 | C2: Gulberg | D2: DHA | E2: 713 | F2: Cash | G2: Completed | H2: 5
A3: R002 | B3: 2026-08-04 | C3: Gulberg | D3: Askari | E3: 215 | F3: Cash | G3: Completed | H3: 3
A4: R003 | B4: 2026-08-17 | C4: Lahore | D4: Cantt | E4: 1009 | F4: Cash | G4: Completed | H4: 4
A5: R004 | B5: 2026-08-26 | C5: Lahore | D5: Model Town | E5: 1015 | F5: Card | G5: Completed | H5: 3
A6: R005 | B6: 2026-08-25 | C6: Bahria Town | D6: Gulberg | E6: 339 | F6: Card | G6: Completed | H6: 4
A7: R006 | B7: 2026-08-20 | C7: Johar Town | D7: DHA | E7: 1090 | F7: Wallet | G7: Completed | H7: 4
A8: R007 | B8: 2026-08-03 | C8: Johar Town | D8: Faisal Town | E8: 543 | F8: Wallet | G8: Completed | H8: 5
A9: R008 | B9: 2026-08-08 | C9: Johar Town | D9: Gulberg | E9: 626 | F9: Cash | G9: Completed | H9: 4
A10: R009 | B10: 2026-08-21 | C10: Bahria Town | D10: Model Town | E10: 908 | F10: Card | G10: Completed | H10: 4
A11: R010 | B11: 2026-08-23 | C11: Gulberg | D11: Model Town | E11: 651 | F11: Cash | G11: Completed | H11: 4
A12: R011 | B12: 2026-08-30 | C12: Model Town | D12: Faisal Town | E12: 264 | F12: Cash | G12: Cancelled
A13: R012 | B13: 2026-08-26 | C13: Bahria Town | D13: Askari | E13: 698 | F13: Cash | G13: Completed | H13: 5
A14: R013 | B14: 2026-08-29 | C14: Bahria Town | D14: Cantt | E14: 1172 | F14: Card | G14: Cancelled
A15: R014 | B15: 2026-08-21 | C15: Iqbal Town | D15: Model Town | E15: 692 | F15: Cash | G15: Completed | H15: 5
A16: R015 | B16: 2026-08-18 | C16: Johar Town | D16: Askari | E16: 967 | F16: Card | G16: Completed | H16: 3
A17: R016 | B17: 2026-08-17 | C17: Iqbal Town | D17: Gulberg | E17: 246 | F17: Cash | G17: Completed | H17: 3
A18: R017 | B18: 2026-08-26 | C18: Wapda Town | D18: Gulberg | E18: 938 | F18: Card | G18: Completed | H18: 4
A19: R018 | B19: 2026-08-17 | C19: Johar Town | D19: DHA | E19: 384 | F19: Wallet | G19: Cancelled
A20: R019 | B20: 2026-08-25 | C20: Johar Town | D20: Faisal Town | E20: 378 | F20: Card | G20: Completed | H20: 4
A21: R020 | B21: 2026-08-01 | C21: Johar Town | D21: Model Town | E21: 1189 | F21: Cash | G21: Cancelled
A22: R021 | B22: 2026-08-10 | C22: Model Town | D22: Model Town | E22: 915 | F22: Cash | G22: Completed | H22: 5
A23: R022 | B23: 2026-08-30 | C23: Lahore | D23: Faisal Town | E23: 1150 | F23: Cash | G23: Completed | H23: 4
A24: R023 | B24: 2026-08-29 | C24: Johar Town | D24: Cantt | E24: 268 | F24: Cash | G24: Cancelled
A25: R024 | B25: 2026-08-03 | C25: Gulberg | D25: Airport | E25: 291 | F25: Wallet | G25: Completed | H25: 3
A26: R025 | B26: 2026-08-22 | C26: Iqbal Town | D26: Model Town | E26: 692 | F26: Wallet | G26: Cancelled
A27: R026 | B27: 2026-08-14 | C27: Model Town | D27: Cantt | E27: 788 | F27: Card | G27: Cancelled
A28: R027 | B28: 2026-08-21 | C28: Bahria Town | D28: Airport | E28: 1074 | F28: Cash | G28: Completed | H28: 3
A29: R028 | B29: 2026-08-11 | C29: Lahore | D29: Cantt | E29: 601 | F29: Cash | G29: Completed | H29: 5
A30: R029 | B30: 2026-08-02 | C30: Model Town | D30: Gulberg | E30: 214 | F30: Card | G30: Completed | H30: 3
A31: R030 | B31: 2026-08-09 | C31: Iqbal Town | D31: Cantt | E31: 420 | F31: Wallet | G31: Cancelled
A32: R031 | B32: 2026-08-19 | C32: Iqbal Town | D32: Cantt | E32: 1118 | F32: Card | G32: Completed | H32: 3
A33: R032 | B33: 2026-08-22 | C33: Wapda Town | D33: Faisal Town | E33: 1017 | F33: Card | G33: Completed | H33: 5
A34: R033 | B34: 2026-08-02 | C34: Gulberg | D34: DHA | E34: 974 | F34: Wallet | G34: Completed | H34: 3
A35: R034 | B35: 2026-08-08 | C35: Model Town | D35: Cantt | E35: 1068 | F35: Cash | G35: Completed | H35: 4
A36: R035 | B36: 2026-08-15 | C36: Model Town | D36: Gulberg | E36: 1057 | F36: Wallet | G36: Completed | H36: 5
A37: R036 | B37: 2026-08-18 | C37: Lahore | D37: Gulberg | E37: 634 | F37: Cash | G37: Completed | H37: 4
A38: R037 | B38: 2026-08-07 | C38: Wapda Town | D38: DHA | E38: 487 | F38: Card | G38: Completed | H38: 4
A39: R038 | B39: 2026-08-09 | C39: Iqbal Town | D39: Township | E39: 1016 | F39: Wallet | G39: Cancelled
A40: R039 | B40: 2026-08-26 | C40: Iqbal Town | D40: Model Town | E40: 538 | F40: Card | G40: Completed | H40: 3
A41: R040 | B41: 2026-08-19 | C41: Lahore | D41: Faisal Town | E41: 267 | F41: Cash | G41: Completed | H41: 5
A42: R041 | B42: 2026-08-30 | C42: DHA | D42: DHA | E42: 1190 | F42: Cash | G42: Cancelled
A43: R042 | B43: 2026-08-03 | C43: Gulberg | D43: Cantt | E43: 976 | F43: Cash | G43: Cancelled
A44: R043 | B44: 2026-08-19 | C44: Model Town | D44: DHA | E44: 317 | F44: Card | G44: Completed | H44: 5
A45: R044 | B45: 2026-08-17 | C45: Bahria Town | D45: Township | E45: 568 | F45: Wallet | G45: Completed | H45: 3
A46: R045 | B46: 2026-08-09 | C46: Wapda Town | D46: Model Town | E46: 764 | F46: Card | G46: Completed | H46: 3
A47: R046 | B47: 2026-08-01 | C47: Iqbal Town | D47: Gulberg | E47: 300 | F47: Wallet | G47: Completed | H47: 4
A48: R047 | B48: 2026-08-05 | C48: Bahria Town | D48: Gulberg | E48: 650 | F48: Card | G48: Completed | H48: 4
A49: R048 | B49: 2026-08-27 | C49: Johar Town | D49: DHA | E49: 763 | F49: Wallet | G49: Completed | H49: 3
A50: R049 | B50: 2026-08-09 | C50: Gulberg | D50: Gulberg | E50: 468 | F50: Card | G50: Completed | H50: 3
A51: R050 | B51: 2026-08-23 | C51: Bahria Town | D51: Cantt | E51: 690 | F51: Wallet | G51: Completed | H51: 3
A52: R051 | B52: 2026-08-03 | C52: Wapda Town | D52: Township | E52: 240 | F52: Cash | G52: Completed | H52: 3
A53: R052 | B53: 2026-08-21 | C53: Johar Town | D53: Model Town | E53: 1054 | F53: Wallet | G53: Completed | H53: 5
A54: R053 | B54: 2026-08-01 | C54: Gulberg | D54: Gulberg | E54: 455 | F54: Wallet | G54: Completed | H54: 4
A55: R054 | B55: 2026-08-19 | C55: DHA | D55: Askari | E55: 411 | F55: Cash | G55: Completed | H55: 3
A56: R055 | B56: 2026-08-29 | C56: Bahria Town | D56: Cantt | E56: 661 | F56: Wallet | G56: Completed | H56: 5
A57: R056 | B57: 2026-08-29 | C57: Wapda Town | D57: Model Town | E57: 634 | F57: Cash | G57: Cancelled
A58: R057 | B58: 2026-08-26 | C58: DHA | D58: Askari | E58: 200 | F58: Cash | G58: Completed | H58: 4
A59: R058 | B59: 2026-08-26 | C59: Wapda Town | D59: Cantt | E59: 696 | F59: Cash | G59: Completed | H59: 3
A60: R059 | B60: 2026-08-13 | C60: Lahore | D60: Airport | E60: 605 | F60: Cash | G60: Completed | H60: 4
A61: R060 | B61: 2026-08-12 | C61: Johar Town | D61: Cantt | E61: 606 | F61: Cash | G61: Completed | H61: 4
A62: R061 | B62: 2026-08-11 | C62: Johar Town | D62: Gulberg | E62: 721 | F62: Card | G62: Completed | H62: 4
A63: R062 | B63: 2026-08-22 | C63: Bahria Town | D63: DHA | E63: 386 | F63: Card | G63: Completed | H63: 4
A64: R063 | B64: 2026-08-02 | C64: Gulberg | D64: Askari | E64: 857 | F64: Wallet | G64: Completed | H64: 4
A65: R064 | B65: 2026-08-20 | C65: Gulberg | D65: Askari | E65: 539 | F65: Card | G65: Completed | H65: 4
A66: R065 | B66: 2026-08-01 | C66: Model Town | D66: Faisal Town | E66: 1033 | F66: Cash | G66: Cancelled
A67: R066 | B67: 2026-08-30 | C67: Bahria Town | D67: Faisal Town | E67: 405 | F67: Wallet | G67: Cancelled
A68: R067 | B68: 2026-08-17 | C68: Johar Town | D68: Askari | E68: 818 | F68: Card | G68: Completed | H68: 5
A69: R068 | B69: 2026-08-05 | C69: Model Town | D69: Askari | E69: 926 | F69: Wallet | G69: Completed | H69: 3
A70: R069 | B70: 2026-08-20 | C70: Johar Town | D70: Askari | E70: 150 | F70: Card | G70: Completed | H70: 4
A71: R070 | B71: 2026-08-26 | C71: Bahria Town | D71: Airport | E71: 1054 | F71: Card | G71: Completed | H71: 5
A72: R071 | B72: 2026-08-16 | C72: DHA | D72: Gulberg | E72: 731 | F72: Wallet | G72: Completed | H72: 5
A73: R072 | B73: 2026-08-11 | C73: Gulberg | D73: Cantt | E73: 785 | F73: Cash | G73: Completed | H73: 3
A74: R073 | B74: 2026-08-01 | C74: Lahore | D74: Cantt | E74: 1123 | F74: Wallet | G74: Cancelled
A75: R074 | B75: 2026-08-03 | C75: Iqbal Town | D75: Askari | E75: 548 | F75: Wallet | G75: Completed | H75: 4
A76: R075 | B76: 2026-08-13 | C76: Model Town | D76: Model Town | E76: 161 | F76: Cash | G76: Completed | H76: 3
A77: R076 | B77: 2026-08-06 | C77: Iqbal Town | D77: DHA | E77: 660 | F77: Cash | G77: Completed | H77: 4
A78: R077 | B78: 2026-08-22 | C78: Bahria Town | D78: Airport | E78: 1183 | F78: Card | G78: Cancelled
A79: R078 | B79: 2026-08-18 | C79: Iqbal Town | D79: Model Town | E79: 1122 | F79: Card | G79: Completed | H79: 3
A80: R079 | B80: 2026-08-27 | C80: Johar Town | D80: Airport | E80: 639 | F80: Card | G80: Completed | H80: 5
A81: R080 | B81: 2026-08-10 | C81: Model Town | D81: Township | E81: 837 | F81: Card | G81: Cancelled
A82: R081 | B82: 2026-08-03 | C82: DHA | D82: Model Town | E82: 623 | F82: Card | G82: Completed | H82: 5
A83: R082 | B83: 2026-08-07 | C83: Gulberg | D83: Askari | E83: 984 | F83: Card | G83: Completed | H83: 4
A84: R083 | B84: 2026-08-02 | C84: Model Town | D84: Askari | E84: 947 | F84: Wallet | G84: Cancelled
A85: R084 | B85: 2026-08-01 | C85: Wapda Town | D85: Airport | E85: 162 | F85: Card | G85: Completed | H85: 4
A86: R085 | B86: 2026-08-28 | C86: Wapda Town | D86: Cantt | E86: 1149 | F86: Cash | G86: Completed | H86: 4
A87: R086 | B87: 2026-08-01 | C87: Wapda Town | D87: Faisal Town | E87: 978 | F87: Wallet | G87: Completed | H87: 4
A88: R087 | B88: 2026-08-30 | C88: DHA | D88: DHA | E88: 956 | F88: Wallet | G88: Completed | H88: 3
A89: R088 | B89: 2026-08-03 | C89: Wapda Town | D89: Model Town | E89: 1095 | F89: Cash | G89: Completed | H89: 4
A90: R089 | B90: 2026-08-11 | C90: Model Town | D90: Airport | E90: 819 | F90: Card | G90: Completed | H90: 4
A91: R090 | B91: 2026-08-09 | C91: Wapda Town | D91: Township | E91: 317 | F91: Card | G91: Completed | H91: 5
A92: R091 | B92: 2026-08-02 | C92: Bahria Town | D92: Cantt | E92: 290 | F92: Wallet | G92: Completed | H92: 3
A93: R092 | B93: 2026-08-08 | C93: Model Town | D93: DHA | E93: 462 | F93: Cash | G93: Completed | H93: 5
A94: R093 | B94: 2026-08-04 | C94: Model Town | D94: Airport | E94: 674 | F94: Card | G94: Completed | H94: 5
A95: R094 | B95: 2026-08-24 | C95: Gulberg | D95: Model Town | E95: 787 | F95: Cash | G95: Completed | H95: 4
A96: R095 | B96: 2026-08-19 | C96: Wapda Town | D96: Askari | E96: 556 | F96: Cash | G96: Completed | H96: 5
... A98: R097 | B98: 2026-08-18 | C98: Wapda Town | D98: Faisal Town | E98: 291 | F98: Wallet | G98: Completed | H98: 3
A99: R098 | B99: 2026-08-28 | C99: Wapda Town | D99: Airport | E99: 366 | F99: Card | G99: Cancelled
A100: R099 | B100: 2026-08-21 | C100: Iqbal Town | D100: Model Town | E100: 1041 | F100: Cash | G100: Completed | H100: 5
A101: R100 | B101: 2026-08-09 | C101: Iqbal Town | D101: Airport | E101: 1042 | F101: Wallet | G101: Completed | H101: 4
...

Sheet KPI Dashboard
B2: Ride Analytics — KPI Dashboard
B4: Total Rides | C4: Completed Rides | D4: Cancelled Rides | E4: Total Revenue (PKR) | F4: Average Fare (PKR) | G4: Average Rating
B5: =COUNTA('Cleaned Data'!$A$2:$A$121) -> 120 | C5: =COUNTIF('Cleaned Data'!$G$2:$G$121,"Completed") -> 96 | D5: =COUNTIF('Cleaned Data'!$G$2:$G$121,"Cancelled") -> 24 | E5: =SUMIFS('Cleaned Data'!$E$2:$E$121,'Cleaned Data'!$G$2:$G$121,"Completed") -> 65427 | F5: =ROUND(AVERAGEIFS('Cleaned Data'!$E$2:$E$121,'Cleaned Data'!$G$2:$G$121,"Completed"),0) -> 682 | G5: =ROUND(AVERAGE('Cleaned Data'!$H$2:$H$121),2) -> 3.96
B8: Rides & Revenue by Date | F8: Rides by Payment Method | I8: Rides by Status | L8: Top Pickup Locations
B9: Date | C9: Rides | D9: Revenue | F9: Payment Method | G9: Rides | I9: Status | J9: Rides | L9: Pickup Location | M9: Rides
B10: 2026-08-01 | C10: =COUNTIF('Cleaned Data'!$B$2:$B$121,$B10) -> 8 | D10: =SUMIFS('Cleaned Data'!$E$2:$E$121,'Cleaned Data'!$B$2:$B$121,$B10,'Cleaned Data'!$G$2:$G$121,"Completed") -> 3007 | F10: Card | G10: =COUNTIF('Cleaned Data'!$F$2:$F$121,$F10) -> 45 | I10: Cancelled | J10: =COUNTIF('Cleaned Data'!$G$2:$G$121,$I10) -> 24 | L10: Johar Town | M10: =COUNTIF('Cleaned Data'!$C$2:$C$121,$L10) -> 21
B11: 2026-08-02 | C11: =COUNTIF('Cleaned Data'!$B$2:$B$121,$B11) -> 5 | D11: =SUMIFS('Cleaned Data'!$E$2:$E$121,'Cleaned Data'!$B$2:$B$121,$B11,'Cleaned Data'!$G$2:$G$121,"Completed") -> 2335 | F11: Cash | G11: =COUNTIF('Cleaned Data'!$F$2:$F$121,$F11) -> 42 | I11: Completed | J11: =COUNTIF('Cleaned Data'!$G$2:$G$121,$I11) -> 96 | L11: Model Town | M11: =COUNTIF('Cleaned Data'!$C$2:$C$121,$L11) -> 19
B12: 2026-08-03 | C12: =COUNTIF('Cleaned Data'!$B$2:$B$121,$B12) -> 8 | D12: =SUMIFS('Cleaned Data'!$E$2:$E$121,'Cleaned Data'!$B$2:$B$121,$B12,'Cleaned Data'!$G$2:$G$121,"Completed") -> 4342 | F12: Wallet | G12: =COUNTIF('Cleaned Data'!$F$2:$F$121,$F12) -> 33 | L12: Wapda Town | M12: =COUNTIF('Cleaned Data'!$C$2:$C$121,$L12) -> 18
B13: 2026-08-04 | C13: =COUNTIF('Cleaned Data'!$B$2:$B$121,$B13) -> 2 | D13: =SUMIFS('Cleaned Data'!$E$2:$E$121,'Cleaned Data'!$B$2:$B$121,$B13,'Cleaned Data'!$G$2:$G$121,"Completed") -> 889 | L13: Gulberg | M13: =COUNTIF('Cleaned Data'!$C$2:$C$121,$L13) -> 15
B14: 2026-08-05 | C14: =COUNTIF('Cleaned Data'!$B$2:$B$121,$B14) -> 2 | D14: =SUMIFS('Cleaned Data'!$E$2:$E$121,'Cleaned Data'!$B$2:$B$121,$B14,'Cleaned Data'!$G$2:$G$121,"Completed") -> 1576 | L14: Bahria Town | M14: =COUNTIF('Cleaned Data'!$C$2:$C$121,$L14) -> 15
B15: 2026-08-06 | C15: =COUNTIF('Cleaned Data'!$B$2:$B$121,$B15) -> 2 | D15: =SUMIFS('Cleaned Data'!$E$2:$E$121,'Cleaned Data'!$B$2:$B$121,$B15,'Cleaned Data'!$G$2:$G$121,"Completed") -> 1536 | L15: Iqbal Town | M15: =COUNTIF('Cleaned Data'!$C$2:$C$121,$L15) -> 15
B16: 2026-08-07 | C16: =COUNTIF('Cleaned Data'!$B$2:$B$121,$B16) -> 2 | D16: =SUMIFS('Cleaned Data'!$E$2:$E$121,'Cleaned Data'!$B$2:$B$121,$B16,'Cleaned Data'!$G$2:$G$121,"Completed") -> 1471 | L16: Lahore | M16: =COUNTIF('Cleaned Data'!$C$2:$C$121,$L16) -> 10
B17: 2026-08-08 | C17: =COUNTIF('Cleaned Data'!$B$2:$B$121,$B17) -> 5 | D17: =SUMIFS('Cleaned Data'!$E$2:$E$121,'Cleaned Data'!$B$2:$B$121,$B17,'Cleaned Data'!$G$2:$G$121,"Completed") -> 2553 | L17: DHA | M17: =COUNTIF('Cleaned Data'!$C$2:$C$121,$L17) -> 7
B18: 2026-08-09 | C18: =COUNTIF('Cleaned Data'!$B$2:$B$121,$B18) -> 7 | D18: =SUMIFS('Cleaned Data'!$E$2:$E$121,'Cleaned Data'!$B$2:$B$121,$B18,'Cleaned Data'!$G$2:$G$121,"Completed") -> 2874
B19: 2026-08-10 | C19: =COUNTIF('Cleaned Data'!$B$2:$B$121,$B19) -> 5 | D19: =SUMIFS('Cleaned Data'!$E$2:$E$121,'Cleaned Data'!$B$2:$B$121,$B19,'Cleaned Data'!$G$2:$G$121,"Completed") -> 1960
B20: 2026-08-11 | C20: =COUNTIF('Cleaned Data'!$B$2:$B$121,$B20) -> 4 | D20: =SUMIFS('Cleaned Data'!$E$2:$E$121,'Cleaned Data'!$B$2:$B$121,$B20,'Cleaned Data'!$G$2:$G$121,"Completed") -> 2926
B21: 2026-08-12 | C21: =COUNTIF('Cleaned Data'!$B$2:$B$121,$B21) -> 1 | D21: =SUMIFS('Cleaned Data'!$E$2:$E$121,'Cleaned Data'!$B$2:$B$121,$B21,'Cleaned Data'!$G$2:$G$121,"Completed") -> 606
B22: 2026-08-13 | C22: =COUNTIF('Cleaned Data'!$B$2:$B$121,$B22) -> 2 | D22: =SUMIFS('Cleaned Data'!$E$2:$E$121,'Cleaned Data'!$B$2:$B$121,$B22,'Cleaned Data'!$G$2:$G$121,"Completed") -> 766
B23: 2026-08-14 | C23: =COUNTIF('Cleaned Data'!$B$2:$B$121,$B23) -> 2 | D23: =SUMIFS('Cleaned Data'!$E$2:$E$121,'Cleaned Data'!$B$2:$B$121,$B23,'Cleaned Data'!$G$2:$G$121,"Completed") -> 353
B24: 2026-08-15 | C24: =COUNTIF('Cleaned Data'!$B$2:$B$121,$B24) -> 1 | D24: =SUMIFS('Cleaned Data'!$E$2:$E$121,'Cleaned Data'!$B$2:$B$121,$B24,'Cleaned Data'!$G$2:$G$121,"Completed") -> 1057
B25: 2026-08-16 | C25: =COUNTIF('Cleaned Data'!$B$2:$B$121,$B25) -> 3 | D25: =SUMIFS('Cleaned Data'!$E$2:$E$121,'Cleaned Data'!$B$2:$B$121,$B25,'Cleaned Data'!$G$2:$G$121,"Completed") -> 2713
B26: 2026-08-17 | C26: =COUNTIF('Cleaned Data'!$B$2:$B$121,$B26) -> 5 | D26: =SUMIFS('Cleaned Data'!$E$2:$E$121,'Cleaned Data'!$B$2:$B$121,$B26,'Cleaned Data'!$G$2:$G$121,"Completed") -> 2641
B27: 2026-08-18 | C27: =COUNTIF('Cleaned Data'!$B$2:$B$121,$B27) -> 5 | D27: =SUMIFS('Cleaned Data'!$E$2:$E$121,'Cleaned Data'!$B$2:$B$121,$B27,'Cleaned Data'!$G$2:$G$121,"Completed") -> 3014
B28: 2026-08-19 | C28: =COUNTIF('Cleaned Data'!$B$2:$B$121,$B28) -> 8 | D28: =SUMIFS('Cleaned Data'!$E$2:$E$121,'Cleaned Data'!$B$2:$B$121,$B28,'Cleaned Data'!$G$2:$G$121,"Completed") -> 4346
B29: 2026-08-20 | C29: =COUNTIF('Cleaned Data'!$B$2:$B$121,$B29) -> 3 | D29: =SUMIFS('Cleaned Data'!$E$2:$E$121,'Cleaned Data'!$B$2:$B$121,$B29,'Cleaned Data'!$G$2:$G$121,"Completed") -> 1779
... B39: 2026-08-30 | C39: =COUNTIF('Cleaned Data'!$B$2:$B$121,$B39) -> 5 | D39: =SUMIFS('Cleaned Data'!$E$2:$E$121,'Cleaned Data'!$B$2:$B$121,$B39,'Cleaned Data'!$G$2:$G$121,"Completed") -> 2106

Sheet Charts
B2: Ride Analytics — Charts

Sheet Insights
B2: Business Insights
B4: 1. Out of 120 cleaned rides, 96 were completed and 24 were cancelled — a 20% cancellation rate worth investigating.
B5: 2. Card is the most-used payment method (45 rides), narrowly ahead of Cash (42) and Wallet (33).
B6: 3. Johar Town is the busiest pickup location with 21 rides, followed by Model Town (19) and Wapda Town (18).
B7: 4. Total revenue from completed rides is PKR 65,427, with an average fare of about PKR 682 per completed ride.
B8: 5. Average customer rating across completed rides is 3.96 out of 5, suggesting room to improve service quality.
